enhancer_id	gene_name	distance	n_variants	variants	min_pos	max_pos	is_predicted
chr9:3034300-3034950	Mir101c	3793	2	chr9:3034941:C>A,chr9:3034950:T>G	3034941	3034950	False
chr9:3022300-3024660	Mir101c	14083	2	chr9:3023709:AGGT>A,chr9:3024448:C>T	3023709	3024448	False
chr15:102581052-102582602	Atp5g2	266	1	chr15:102581771:C>T	102581771	102581771	False
chr5:123205501-123206084	Tmem120b	394	1	chr5:123206041:T>TTTTA	123206041	123206041	False
chr4:118404201-118405657	Tmem125	2961	1	chr4:118404878:T>G,A	118404878	118404878	False
chr9:3018870-3019220	Mir101c	19523	1	chr9:3018664:TTTTCTTGCCATATTCCAGGTCCTACAGTGTGCATTTCTCATTTTTCACGTTTTTCACTGATTTTGTCATTGTTCAAGTTGTCAACTGCATGTTTCTCATTTTCCATGATTTTCAATTTTCTTGCCATATTCCATGTCCTACAGTGGAAATTTCTATATTTTCCAACTTTTTCAGTTTTCCTCGCCATATTTCACGTGCTAAAGTGTGTATTTCTCATTTTTCGTGTTTTTCAGG>T	3018664	3018664	False
chr9:3016980-3017410	Mir101c	21333	1	chr9:3017092:T>C	3017092	3017092	False
chr8:10235354-10235664	Myo16	31444	1	chr8:10235551:C>T	10235551	10235551	False
chr4:8725065-8726628	Chd7	34660	1	chr4:8725092:G>A	8725092	8725092	False
chr9:3000570-3000900	Mir101c	37843	1	chr9:3000888:A>G	3000888	3000888	False
